{"lr": 0.00012206103051525767, "data_time": 0.1123234748840332, "grad_norm": 1190.5091143798827, "loss": 182.2449967956543, "loss_cls": 43.391844024658205, "loss_conf": 107.4712303161621, "loss_xy": 26.770973625183107, "loss_wh": 4.610949897766114, "time": 0.5058068323135376, "epoch": 1, "iter": 50, "memory": 1689, "step": 50}
{"lr": 0.00014457228614307157, "data_time": 0.0018417072296142579, "grad_norm": 779.5096740722656, "loss": 165.0912469482422, "loss_cls": 41.48227306365967, "loss_conf": 91.16444107055663, "loss_xy": 28.391997737884523, "loss_wh": 4.052536056041718, "time": 0.07497426509857177, "epoch": 1, "iter": 100, "memory": 1689, "step": 100}
{"lr": 0.0001670835417708854, "data_time": 0.0014017677307128905, "grad_norm": 639.9792834472656, "loss": 134.59963012695312, "loss_cls": 28.74103458404541, "loss_conf": 75.56418975830078, "loss_xy": 26.6453431892395, "loss_wh": 3.6490639424324036, "time": 0.07309676647186279, "epoch": 1, "iter": 150, "memory": 1689, "step": 150}
{"lr": 0.00018959479739869944, "data_time": 0.0014418268203735352, "grad_norm": 533.7080029296875, "loss": 113.89985481262207, "loss_cls": 17.59401707649231, "loss_conf": 67.52676826477051, "loss_xy": 25.667959651947022, "loss_wh": 3.1111103558540343, "time": 0.07294822216033936, "epoch": 1, "iter": 200, "memory": 1689, "step": 200}
{"lr": 0.00021210605302651324, "data_time": 0.001481904983520508, "grad_norm": 551.2216967773437, "loss": 111.47480651855469, "loss_cls": 11.946657001972198, "loss_conf": 68.42606338500977, "loss_xy": 27.684736614227294, "loss_wh": 3.4173495495319366, "time": 0.07305214405059815, "epoch": 1, "iter": 250, "memory": 1689, "step": 250}
{"lr": 0.00023461730865432712, "data_time": 0.0014118719100952148, "grad_norm": 574.2525793457031, "loss": 108.05769264221192, "loss_cls": 8.340964035987854, "loss_conf": 66.67112953186034, "loss_xy": 29.431491775512697, "loss_wh": 3.61410817027092, "time": 0.07352916717529297, "epoch": 1, "iter": 300, "memory": 1689, "step": 300}
{"lr": 0.00025712856428214106, "data_time": 0.0014624214172363282, "grad_norm": 510.5400732421875, "loss": 100.97115715026855, "loss_cls": 6.567243483364582, "loss_conf": 62.54908275604248, "loss_xy": 28.03811393737793, "loss_wh": 3.816717263460159, "time": 0.07283731937408447, "epoch": 1, "iter": 350, "memory": 1689, "step": 350}
{"lr": 0.0002796398199099552, "data_time": 0.001353917121887207, "grad_norm": 508.6601483154297, "loss": 93.44434799194336, "loss_cls": 5.090780946612358, "loss_conf": 59.025399932861326, "loss_xy": 26.15753849029541, "loss_wh": 3.1706278777122496, "time": 0.07276957988739013, "epoch": 1, "iter": 400, "memory": 1689, "step": 400}
{"coco/bbox_mAP": 0.007, "coco/bbox_mAP_50": 0.035, "coco/bbox_mAP_75": 0.001, "coco/bbox_mAP_s": 0.0, "coco/bbox_mAP_m": 0.009, "coco/bbox_mAP_l": 0.009, "data_time": 0.019183767220330616, "time": 0.04198265454125783, "step": 1}
{"lr": 0.0003206103051525761, "data_time": 0.0021210622787475584, "grad_norm": 494.90387573242185, "loss": 92.43959800720215, "loss_cls": 2.9828521417081357, "loss_conf": 58.54292133331299, "loss_xy": 27.24083028793335, "loss_wh": 3.6729938435554503, "time": 0.07452560424804687, "epoch": 2, "iter": 491, "memory": 1689, "step": 491}
{"lr": 0.00034312156078038984, "data_time": 0.0015013599395751953, "grad_norm": 460.6189202880859, "loss": 86.46893333435058, "loss_cls": 2.541151071935892, "loss_conf": 53.85172492980957, "loss_xy": 26.493863677978517, "loss_wh": 3.5821943402290346, "time": 0.07274230480194092, "epoch": 2, "iter": 541, "memory": 1689, "step": 541}
{"lr": 0.00036563281640820326, "data_time": 0.0014221572875976563, "grad_norm": 524.0506372070313, "loss": 91.39031303405761, "loss_cls": 2.7559826671145857, "loss_conf": 57.27875621795654, "loss_xy": 27.455838317871095, "loss_wh": 3.899735307097435, "time": 0.07277881145477295, "epoch": 2, "iter": 591, "memory": 1689, "step": 591}
{"lr": 0.00038814407203601695, "data_time": 0.0013215208053588866, "grad_norm": 542.8967895507812, "loss": 89.31997398376465, "loss_cls": 2.3355925524234773, "loss_conf": 56.010099487304686, "loss_xy": 27.062770900726317, "loss_wh": 3.911511387825012, "time": 0.07282026767730714, "epoch": 2, "iter": 641, "memory": 1689, "step": 641}
{"lr": 0.0004106553276638305, "data_time": 0.001441197395324707, "grad_norm": 491.76029541015623, "loss": 85.43148178100586, "loss_cls": 2.20835333108902, "loss_conf": 54.313813858032226, "loss_xy": 25.74843246459961, "loss_wh": 3.160882658958435, "time": 0.07250222206115722, "epoch": 2, "iter": 691, "memory": 1689, "step": 691}
{"lr": 0.0004331665832916439, "data_time": 0.0013622140884399414, "grad_norm": 492.2105413818359, "loss": 80.26623588562012, "loss_cls": 1.5660133046284317, "loss_conf": 50.77964607238769, "loss_xy": 24.88087495803833, "loss_wh": 3.0397015631198885, "time": 0.07349319934844971, "epoch": 2, "iter": 741, "memory": 1689, "step": 741}
{"lr": 0.0004556778389194573, "data_time": 0.0015632104873657226, "grad_norm": 510.36981506347655, "loss": 88.69845222473144, "loss_cls": 1.4286488351970912, "loss_conf": 56.25798484802246, "loss_xy": 27.324624977111817, "loss_wh": 3.6871930748224258, "time": 0.0731361436843872, "epoch": 2, "iter": 791, "memory": 1689, "step": 791}
{"lr": 0.00047818909454727107, "data_time": 0.0013613510131835938, "grad_norm": 446.7227532958984, "loss": 83.385767288208, "loss_cls": 1.0019631792232395, "loss_conf": 53.15341808319092, "loss_xy": 25.901363334655763, "loss_wh": 3.3290230977535247, "time": 0.07310401916503906, "epoch": 2, "iter": 841, "memory": 1689, "step": 841}
{"coco/bbox_mAP": 0.009, "coco/bbox_mAP_50": 0.042, "coco/bbox_mAP_75": 0.001, "coco/bbox_mAP_s": 0.0, "coco/bbox_mAP_m": 0.009, "coco/bbox_mAP_l": 0.018, "data_time": 0.0005281593488610309, "time": 0.015263437753609518, "step": 2}
{"lr": 0.0005191595797898924, "data_time": 0.002971506118774414, "grad_norm": 444.56894775390623, "loss": 85.20865661621093, "loss_cls": 1.4017111940681934, "loss_conf": 54.14725040435791, "loss_xy": 26.51698469161987, "loss_wh": 3.142711067199707, "time": 0.07617698192596435, "epoch": 3, "iter": 932, "memory": 1689, "step": 932}
{"lr": 0.0005416708354177066, "data_time": 0.0013819360733032227, "grad_norm": 444.26717864990235, "loss": 84.24777282714844, "loss_cls": 1.3011545899137855, "loss_conf": 53.43495254516601, "loss_xy": 26.289724197387695, "loss_wh": 3.221941132545471, "time": 0.07334410667419433, "epoch": 3, "iter": 982, "memory": 1689, "step": 982}
{"lr": 0.0005641820910455207, "data_time": 0.0013412809371948242, "grad_norm": 503.01768798828124, "loss": 85.21037620544433, "loss_cls": 1.4775833313167095, "loss_conf": 54.50890151977539, "loss_xy": 25.796451606750487, "loss_wh": 3.427440495491028, "time": 0.0730297613143921, "epoch": 3, "iter": 1032, "memory": 1689, "step": 1032}
{"lr": 0.0005866933466733349, "data_time": 0.0012613677978515626, "grad_norm": 469.5299481201172, "loss": 90.48016166687012, "loss_cls": 1.021105452105403, "loss_conf": 56.8560140991211, "loss_xy": 28.809948291778564, "loss_wh": 3.793093247413635, "time": 0.07335769653320312, "epoch": 3, "iter": 1082, "memory": 1689, "step": 1082}
{"lr": 0.0006092046023011493, "data_time": 0.0014421510696411132, "grad_norm": 406.9289282226562, "loss": 76.78804153442383, "loss_cls": 0.8339178731292486, "loss_conf": 48.53393733978272, "loss_xy": 24.16819700241089, "loss_wh": 3.2519879758358003, "time": 0.0733941650390625, "epoch": 3, "iter": 1132, "memory": 1689, "step": 1132}
{"lr": 0.0006317158579289633, "data_time": 0.0014619731903076172, "grad_norm": 436.27254669189455, "loss": 86.22801082611085, "loss_cls": 0.6607478227838874, "loss_conf": 54.16243785858154, "loss_xy": 27.65923276901245, "loss_wh": 3.745591945648193, "time": 0.07319767951965332, "epoch": 3, "iter": 1182, "memory": 1689, "step": 1182}
{"lr": 0.0006542271135567775, "data_time": 0.0014614391326904297, "grad_norm": 380.10347839355467, "loss": 76.86452491760254, "loss_cls": 0.624527676217258, "loss_conf": 48.19177276611328,