{"lr": 0.00012206103051525767, "data_time": 0.09735852718353272, "grad_norm": 1463.3680529785156, "loss": 211.24659973144531, "loss_cls": 45.472559127807614, "loss_conf": 132.33892150878907, "loss_xy": 28.61493354797363, "loss_wh": 4.820185115337372, "time": 0.2725725698471069, "epoch": 1, "iter": 50, "memory": 2297, "step": 50}
{"lr": 0.00014457228614307157, "data_time": 0.0020664548873901368, "grad_norm": 1308.5773132324218, "loss": 178.1807473754883, "loss_cls": 41.233891792297364, "loss_conf": 104.30578735351563, "loss_xy": 28.529363346099853, "loss_wh": 4.111704907417297, "time": 0.1210118818283081, "epoch": 1, "iter": 100, "memory": 2297, "step": 100}
