{"lr": 0.00012206103051525767, "data_time": 0.09854292869567871, "grad_norm": NaN, "loss": 281.2230499267578, "loss_cls": 46.54081226348877, "loss_conf": 201.1326005554199, "loss_xy": 28.127349376678467, "loss_wh": 5.422285332679748, "time": 0.28163852214813234, "epoch": 1, "iter": 50, "memory": 2524, "step": 50}
{"lr": 0.00014457228614307157, "data_time": 0.0019220399856567383, "grad_norm": 879.6639904785156, "loss": 195.86799423217772, "loss_cls": 43.009525260925294, "loss_conf": 117.73561004638673, "loss_xy": 30.781194534301758, "loss_wh": 4.341664134263993, "time": 0.09077588558197021, "epoch": 1, "iter": 100, "memory": 2282, "step": 100}
{"lr": 0.0001670835417708854, "data_time": 0.0019423770904541016, "grad_norm": 652.2484075927734, "loss": 138.74001266479493, "loss_cls": 24.149861965179444, "loss_conf": 83.7184024810791, "loss_xy": 27.212435817718507, "loss_wh": 3.6593120646476747, "time": 0.08824746131896972, "epoch": 1, "iter": 150, "memory": 2524, "step": 150}
{"lr": 0.00018959479739869944, "data_time": 0.002021160125732422, "grad_norm": 566.4267462158203, "loss": 114.71239631652833, "loss_cls": 14.321047325134277, "loss_conf": 71.30660125732422, "loss_xy": 25.59403028488159, "loss_wh": 3.490717475414276, "time": 0.09038650512695312, "epoch": 1, "iter": 200, "memory": 2440, "step": 200}
{"lr": 0.00021210605302651324, "data_time": 0.0019830942153930666, "grad_norm": 636.3984484863281, "loss": 107.65749740600586, "loss_cls": 8.75185371875763, "loss_conf": 68.70834983825684, "loss_xy": 26.73289649963379, "loss_wh": 3.464396992921829, "time": 0.0881872272491455, "epoch": 1, "iter": 250, "memory": 2440, "step": 250}
{"lr": 0.00023461730865432712, "data_time": 0.0021026945114135743, "grad_norm": 626.9493060302734, "loss": 105.27418121337891, "loss_cls": 6.168912495970726, "loss_conf": 67.39976799011231, "loss_xy": 28.17405277252197, "loss_wh": 3.5314494407176973, "time": 0.08712285041809081, "epoch": 1, "iter": 300, "memory": 2367, "step": 300}
