{"lr": 0.00012206103051525767, "data_time": 0.09878257274627686, "grad_norm": 1496.2368286132812, "loss": 241.7717608642578, "loss_cls": 41.32053783416748, "loss_conf": 170.27060180664063, "loss_xy": 25.538912887573243, "loss_wh": 4.641708161830902, "time": 0.28740935802459716, "epoch": 1, "iter": 50, "memory": 3848, "step": 50}
{"lr": 0.00014457228614307157, "data_time": 0.0019014549255371093, "grad_norm": 1263.1547387695311, "loss": 181.8961666870117, "loss_cls": 38.867618255615234, "loss_conf": 111.31973609924316, "loss_xy": 27.276979007720946, "loss_wh": 4.431833087801933, "time": 0.11488047599792481, "epoch": 1, "iter": 100, "memory": 3848, "step": 100}
